combo,N,stratum,mean,std6,n_pids
aime2025_Qwen2.5-3B,256,L1,,,0
aime2025_Qwen2.5-3B,256,L2,,,0
aime2025_Qwen2.5-3B,256,L3,1.0,0.0,1
aime2025_Qwen2.5-3B,256,L4,,,0
aime2025_Qwen2.5-3B,256,L5,0.058986928113097074,0.0004002434428977164,17
aime2025_Qwen2.5-3B,256,overall,0.1112654321068139,0.00038896671029397433,18
