combo,N,stratum,mean,std6,n_pids
aime2024_Qwen2.5-3B,256,L1,1.0,0.0,1
aime2024_Qwen2.5-3B,256,L2,,,0
aime2024_Qwen2.5-3B,256,L3,1.0,0.0,1
aime2024_Qwen2.5-3B,256,L4,0.9916666746139526,0.012909932175475572,1
aime2024_Qwen2.5-3B,256,L5,0.025911458622431383,0.01036935862553722,16
aime2024_Qwen2.5-3B,256,overall,0.17927631645120287,0.00996584673471148,19
