combo,N,stratum,mean,std6,n_pids
aime2026_Qwen2.5-3B,256,L1,,,0
aime2026_Qwen2.5-3B,256,L2,,,0
aime2026_Qwen2.5-3B,256,L3,1.0,0.0,1
aime2026_Qwen2.5-3B,256,L4,0.9958333373069763,0.010206197528198842,1
aime2026_Qwen2.5-3B,256,L5,0.0017628205510286184,0.0019627322031277946,13
aime2026_Qwen2.5-3B,256,overall,0.13458333363135655,0.003206728323386581,15
