combo,N,stratum,mean,std6,n_pids
aime2026_Qwen3-4B-Instruct-2507,256,L1,1.0,0.0,5
aime2026_Qwen3-4B-Instruct-2507,256,L2,1.0,0.0,1
aime2026_Qwen3-4B-Instruct-2507,256,L3,1.0,0.0,4
aime2026_Qwen3-4B-Instruct-2507,256,L4,0.6614583333333334,0.025819890201095277,4
aime2026_Qwen3-4B-Instruct-2507,256,L5,0.0,0.0,6
aime2026_Qwen3-4B-Instruct-2507,256,overall,0.6322916666666667,0.011547005932245951,20
