combo,N,stratum,mean,std6,n_pids
aime2025_Qwen3-4B-Instruct-2507,256,L1,1.0,0.0,7
aime2025_Qwen3-4B-Instruct-2507,256,L2,,,0
aime2025_Qwen3-4B-Instruct-2507,256,L3,1.0,0.0,2
aime2025_Qwen3-4B-Instruct-2507,256,L4,0.06249999968955914,0.04472135886277063,1
aime2025_Qwen3-4B-Instruct-2507,256,L5,0.007954545657743107,0.003370999431045934,11
aime2025_Qwen3-4B-Instruct-2507,256,overall,0.4357142858059396,0.010059347577390857,21
