combo,N,stratum,mean,std6,n_pids
gsm8kfull_Llama-3.2-3B,256,L1,0.9942910654778352,0.00022366001720523898,901
gsm8kfull_Llama-3.2-3B,256,L2,0.9392137101410777,0.0028619090329467314,62
gsm8kfull_Llama-3.2-3B,256,L3,0.8911024318529396,0.002621900624576591,48
gsm8kfull_Llama-3.2-3B,256,L4,0.811303420431721,0.0023628260220302268,65
gsm8kfull_Llama-3.2-3B,256,L5,0.27391254643298985,0.002505074805009335,182
gsm8kfull_Llama-3.2-3B,256,overall,0.8739644058283653,0.0013777321787346625,1258
