combo,N,stratum,mean,std6,n_pids
gsm8kfull_Phi-4-mini-instruct,256,L1,0.992158620160339,0.00012813396508530567,1046
gsm8kfull_Phi-4-mini-instruct,256,L2,0.9802796806987016,0.0005670540935159622,73
gsm8kfull_Phi-4-mini-instruct,256,L3,0.8821365258438472,0.004542866451786832,47
gsm8kfull_Phi-4-mini-instruct,256,L4,0.8543120176466399,0.007299734588539388,43
gsm8kfull_Phi-4-mini-instruct,256,L5,0.22536919929503707,0.003588203844002476,79
gsm8kfull_Phi-4-mini-instruct,256,overall,0.9358372155252282,0.001831203894276657,1288
