combo,N,stratum,mean,std6,n_pids
gsm8kfull_Qwen2.5-3B,256,L1,0.99494310741977,0.00012888054323094897,1018
gsm8kfull_Qwen2.5-3B,256,L2,0.9128955697546465,0.0017354643674406599,79
gsm8kfull_Qwen2.5-3B,256,L3,0.9325203254319184,0.003771955023166486,41
gsm8kfull_Qwen2.5-3B,256,L4,0.6888593397968522,0.004533832995323312,47
gsm8kfull_Qwen2.5-3B,256,L5,0.23113756630244472,0.002822057664796349,105
gsm8kfull_Qwen2.5-3B,256,overall,0.914612403208419,0.0014307026109924596,1290
