combo,N,stratum,mean,std6,n_pids
math1k_Qwen2.5-3B,256,L1,0.9998115577689767,0.00010510808649393712,199
math1k_Qwen2.5-3B,256,L2,0.9630234506701929,0.001031120542179598,199
math1k_Qwen2.5-3B,256,L3,0.9138400339969189,0.0017919815662640042,199
math1k_Qwen2.5-3B,256,L4,0.7135639035835716,0.001109317659183802,203
math1k_Qwen2.5-3B,256,L5,0.14163958340029545,0.0012045344097412754,200
math1k_Qwen2.5-3B,256,overall,0.7456397225523058,0.0011801674066303223,1000
