combo,N,stratum,mean,std6,n_pids
math500_Phi-4-mini-instruct,256,L1,0.9919282946475717,0.000554514207332388,215
math500_Phi-4-mini-instruct,256,L2,0.9321220941451746,0.003511309747721908,43
math500_Phi-4-mini-instruct,256,L3,0.9445833346909946,0.004479893643874411,30
math500_Phi-4-mini-instruct,256,L4,0.5691176477448371,0.002335516159970018,51
math500_Phi-4-mini-instruct,256,L5,0.13322765742212642,0.0018265037689574222,138
math500_Phi-4-mini-instruct,256,overall,0.6899240046067933,0.0020151018255591723,477
