combo,N,stratum,mean,std6,n_pids
mathfull_Qwen2.5-3B,256,L1,0.9982918968820971,6.550062810309885e-05,2715
mathfull_Qwen2.5-3B,256,L2,0.9641981337364188,0.0009113227461431064,384
mathfull_Qwen2.5-3B,256,L3,0.8932736071538651,0.0014589362856115683,293
mathfull_Qwen2.5-3B,256,L4,0.727862420203362,0.0019816261888383853,361
mathfull_Qwen2.5-3B,256,L5,0.14598355612974642,0.0006776996568519688,1018
mathfull_Qwen2.5-3B,256,overall,0.7867770580841033,0.0007714441785951849,4771
