combo,N,stratum,mean,std6,n_pids
mathfull_Llama-3.2-3B,256,L1,0.9954867278828038,0.0001504693894047657,1689
mathfull_Llama-3.2-3B,256,L2,0.9697444446318678,0.0005290569811311466,375
mathfull_Llama-3.2-3B,256,L3,0.8974933865943321,0.001135618665275169,315
mathfull_Llama-3.2-3B,256,L4,0.7482821263271157,0.0018087027490375778,476
mathfull_Llama-3.2-3B,256,L5,0.1496756482341424,0.0011010288581689565,1749
mathfull_Llama-3.2-3B,256,overall,0.6398146541706,0.0009581690521501495,4604
